mysql> select * from user_recipe_rating;
+--------+---------+-----------+
| rating | user_id | recipe_id |
+--------+---------+-----------+
|      1 |       1 |         3 |
|      1 |       1 |         4 |
|      1 |       1 |         5 |
|      1 |       1 |         6 |
|      1 |       1 |         8 |
|      1 |       1 |         9 |
|     -1 |       2 |         1 |
|      1 |       2 |         4 |
|      1 |       2 |         6 |
|      1 |       2 |         7 |
|      1 |       2 |         9 |
|      1 |       3 |         1 |
|      1 |       3 |         2 |
|     -1 |       3 |         3 |
|      1 |       3 |         4 |
|      1 |       3 |         5 |
|      1 |       3 |         7 |
|      1 |       3 |         8 |
|      1 |       3 |         9 |
|      1 |       4 |         1 |
|      1 |       4 |         2 |
|      1 |       4 |         3 |
|      1 |       4 |         4 |
|      1 |       4 |         6 |
|     -1 |       4 |         8 |
|      1 |       4 |         9 |
|      1 |       5 |         2 |
|      1 |       5 |         3 |
|      1 |       5 |         4 |
|      1 |       5 |         6 |
|      1 |       5 |         7 |
|      1 |       5 |         9 |
|      1 |       6 |         2 |
|      1 |       6 |         3 |
|      1 |       6 |         6 |
|      1 |       6 |         7 |
+--------+---------+-----------+
36 rows in set (0.00 sec)

mysql> select recipe.rating from recipe;
+--------+
| rating |
+--------+
|      0 |
|      4 |
|      3 |
|      6 |
|      2 |
|      8 |
|      4 |
|      1 |
|      5 |
|     15 |
+--------+
10 rows in set (0.00 sec)

mysql> INSERT INTO user_recipe_rating (rating,user_id,recipe_id) VALUES (-1,1,2);
Query OK, 1 row affected (0.02 sec)

mysql> select * from user_recipe_rating;
+--------+---------+-----------+
| rating | user_id | recipe_id |
+--------+---------+-----------+
|     -1 |       1 |         2 |  // ADDED VALUE
|      1 |       1 |         3 |
|      1 |       1 |         4 |
|      1 |       1 |         5 |
|      1 |       1 |         6 |
|      1 |       1 |         8 |
|      1 |       1 |         9 |
|     -1 |       2 |         1 |
|      1 |       2 |         4 |
|      1 |       2 |         6 |
|      1 |       2 |         7 |
|      1 |       2 |         9 |
|      1 |       3 |         1 |
|      1 |       3 |         2 |
|     -1 |       3 |         3 |
|      1 |       3 |         4 |
|      1 |       3 |         5 |
|      1 |       3 |         7 |
|      1 |       3 |         8 |
|      1 |       3 |         9 |
|      1 |       4 |         1 |
|      1 |       4 |         2 |
|      1 |       4 |         3 |
|      1 |       4 |         4 |
|      1 |       4 |         6 |
|     -1 |       4 |         8 |
|      1 |       4 |         9 |
|      1 |       5 |         2 |
|      1 |       5 |         3 |
|      1 |       5 |         4 |
|      1 |       5 |         6 |
|      1 |       5 |         7 |
|      1 |       5 |         9 |
|      1 |       6 |         2 |
|      1 |       6 |         3 |
|      1 |       6 |         6 |
|      1 |       6 |         7 |
+--------+---------+-----------+


mysql> select recipe.rating from recipe;
+--------+
| rating |
+--------+
|      0 |
|      3 | // VALUE CHANGE
|      3 |
|      6 |
|      2 |
|      8 |
|      4 |
|      1 |
|      5 |
|     15 |
+--------+
10 rows in set (0.00 sec)

mysql> UPDATE user_recipe_rating
    -> SET rating=1 WHERE user_id=1 AND recipe_id=2;
Query OK, 1 row affected (0.03 sec)
Rows matched: 1  Changed: 1  Warnings: 0

mysql> select * from user_recipe_rating;                                                                                 +--------+---------+-----------+
| rating | user_id | recipe_id |
+--------+---------+-----------+
|      1 |       1 |         2 |  //UPDATED ROW
|      1 |       1 |         3 |
|      1 |       1 |         4 |
|      1 |       1 |         5 |
|      1 |       1 |         6 |
|      1 |       1 |         8 |
|      1 |       1 |         9 |
|     -1 |       2 |         1 |
|      1 |       2 |         4 |
|      1 |       2 |         6 |
|      1 |       2 |         7 |
|      1 |       2 |         9 |
|      1 |       3 |         1 |
|      1 |       3 |         2 |
|     -1 |       3 |         3 |
|      1 |       3 |         4 |
|      1 |       3 |         5 |
|      1 |       3 |         7 |
|      1 |       3 |         8 |
|      1 |       3 |         9 |
|      1 |       4 |         1 |
|      1 |       4 |         2 |
|      1 |       4 |         3 |
|      1 |       4 |         4 |
|      1 |       4 |         6 |
|     -1 |       4 |         8 |
|      1 |       4 |         9 |
|      1 |       5 |         2 |
|      1 |       5 |         3 |
|      1 |       5 |         4 |
|      1 |       5 |         6 |
|      1 |       5 |         7 |
|      1 |       5 |         9 |
|      1 |       6 |         2 |
|      1 |       6 |         3 |
|      1 |       6 |         6 |
|      1 |       6 |         7 |
+--------+---------+-----------+
37 rows in set (0.00 sec)

mysql> select recipe.rating from recipe;
+--------+
| rating |
+--------+
|      0 |
|      5 | // UPDATED ROW
|      3 |
|      6 |
|      2 |
|      8 |
|      4 |
|      1 |
|      5 |
|     15 |
+--------+
10 rows in set (0.00 sec)

